설비ID,가동시간_h,온도_C,진동_mm_s,압력_bar,회전수_rpm,소음_dB,전류_A,분진농도_mg,윤활유_점도,부하율_pct,상태등급,잔여수명_일,고장
EQ1000,5696,98.8,3.06,5.21,2027,79.6,55.9,63.1,55.8,67.7,1,186,1
EQ1001,1088,62.0,0.6,4.38,1954,74.4,50.6,18.0,90.4,63.3,0,266,0
EQ1002,8012,110.3,4.43,3.84,2183,82.3,59.9,86.3,36.7,70.2,2,118,1
EQ1003,5351,93.2,2.88,6.59,2096,78.8,57.7,47.5,53.1,71.0,1,199,0
EQ1004,553,60.9,0.7,4.57,2195,72.4,55.3,25.0,97.1,65.3,0,243,0
EQ1005,5989,106.9,4.05,4.09,2085,84.4,57.7,80.6,43.9,70.6,2,115,1
EQ1006,5876,98.5,3.19,5.92,2018,78.5,66.6,57.3,50.8,68.4,1,187,0
EQ1007,3426,87.2,2.25,4.62,1790,78.2,45.7,50.3,63.9,63.0,1,235,0
EQ1008,1620,68.2,0.94,5.87,1752,73.7,49.1,21.4,88.0,55.8,0,259,0
EQ1009,2977,73.3,2.42,4.41,1688,69.3,48.0,20.1,85.6,51.0,0,250,0
EQ1010,211,67.2,0.3,4.57,2107,72.6,55.4,25.1,98.1,70.1,0,260,0
EQ1011,8898,124.0,4.82,5.68,2013,79.3,70.1,95.0,32.3,84.5,2,18,1
EQ1012,5201,95.3,4.17,5.67,2229,80.5,63.0,51.0,69.0,72.3,1,191,1
EQ1013,3824,95.5,2.69,5.81,2174,77.7,65.9,55.2,70.8,83.8,1,163,1
EQ1014,555,62.7,0.21,4.93,1939,73.5,51.1,23.6,93.1,58.5,0,260,0
EQ1015,2712,78.7,1.74,5.42,2073,77.7,65.9,24.9,78.5,84.3,0,210,1
EQ1016,2515,77.6,1.76,5.8,2104,79.8,56.0,40.4,78.4,66.2,1,308,0
EQ1017,1701,71.1,1.41,5.16,1900,70.7,53.8,15.3,85.6,62.0,0,311,0
EQ1018,5979,100.8,3.22,5.09,1900,77.9,54.9,51.1,51.9,64.8,1,181,1
EQ1019,2635,81.8,1.97,4.04,2210,83.1,60.0,36.9,81.5,71.0,1,267,0
EQ1020,3228,89.7,2.89,5.68,2140,83.7,64.1,59.3,77.5,74.7,1,184,0
EQ1021,1865,63.2,1.35,5.03,1945,75.7,47.6,25.6,80.4,59.1,0,260,0
EQ1022,8061,119.7,5.06,5.07,2299,86.5,65.4,84.3,32.3,90.2,2,5,1
EQ1023,5388,103.3,3.94,6.42,2124,81.4,55.9,66.6,52.4,77.9,2,123,1
EQ1024,3883,85.8,2.4,4.06,2107,80.6,62.1,41.0,71.2,70.2,1,228,0
EQ1025,251,66.6,0.8,6.32,1824,72.0,50.0,20.4,102.8,52.7,0,266,0
EQ1026,1868,70.0,1.58,4.98,2255,75.3,56.9,35.2,97.7,63.3,0,278,0
EQ1027,848,62.7,0.84,5.25,1902,71.7,46.7,17.3,92.2,58.9,0,269,0
EQ1028,2647,72.1,2.06,4.68,2128,72.3,57.5,29.9,79.8,55.1,0,230,0
EQ1029,3935,80.1,2.87,3.87,1972,78.1,51.5,49.2,70.8,61.8,1,276,0
EQ1030,4178,92.0,2.74,5.09,2312,82.1,69.8,52.9,64.0,89.4,1,114,1
EQ1031,7873,117.8,4.74,5.67,2179,84.6,64.1,91.5,36.3,73.9,2,65,1
EQ1032,1309,61.7,1.01,5.54,2024,70.3,42.6,20.3,89.2,48.3,0,252,1
EQ1033,2097,66.6,0.8,4.84,1834,69.3,47.7,19.6,74.8,54.4,0,268,1
EQ1034,2232,75.0,1.25,3.25,2106,77.4,53.5,32.5,84.9,59.6,0,288,0
EQ1035,1787,74.1,1.2,3.77,2237,80.2,66.8,23.5,86.8,64.4,0,346,0
EQ1036,2324,74.3,1.17,6.64,1984,75.1,56.6,30.7,88.8,64.4,0,290,0
EQ1037,2954,74.8,1.65,4.13,2027,70.8,62.4,21.2,79.3,65.4,0,313,0
EQ1038,1374,64.9,0.99,6.14,1876,70.7,55.0,30.9,85.4,54.8,0,232,0
EQ1039,5054,91.5,3.24,4.45,2024,80.2,60.4,55.7,59.6,70.7,1,202,1
EQ1040,235,56.4,0.81,4.85,2129,75.8,45.2,23.0,90.0,53.0,0,211,1
EQ1041,2842,77.8,2.25,5.7,1884,74.8,58.9,50.9,71.3,63.0,1,295,0
EQ1042,4139,85.0,2.17,4.54,1872,77.2,47.4,49.4,69.6,60.7,1,254,0
EQ1043,1342,61.2,1.6,6.27,2097,72.6,54.2,22.4,89.6,50.5,0,218,1
EQ1044,3149,81.2,2.25,5.26,2187,81.9,62.9,48.0,77.6,76.5,1,259,1
EQ1045,4123,90.7,2.61,5.57,2343,78.4,49.8,58.2,59.3,73.5,1,204,0
EQ1046,1306,69.2,0.84,4.79,1988,70.6,55.9,21.1,89.9,67.8,0,291,0
EQ1047,2111,75.7,1.07,5.53,1998,75.0,55.8,14.8,83.3,60.3,0,307,0
EQ1048,5677,95.9,3.73,6.46,2014,82.2,59.9,45.1,60.1,74.2,1,147,1
EQ1049,2892,71.8,2.0,4.89,1884,71.2,48.1,14.8,82.4,45.9,0,198,1
EQ1050,700,66.2,0.9,6.38,1822,75.4,53.4,25.0,97.7,66.9,0,281,0
EQ1051,759,63.4,0.73,4.51,2074,72.4,48.6,14.5,100.9,61.4,0,281,0
EQ1052,3392,88.4,2.6,5.81,2123,77.1,59.9,52.9,70.8,73.0,1,239,1
EQ1053,2973,85.9,2.27,5.59,2061,81.5,59.2,51.2,80.5,71.0,1,237,0
EQ1054,5803,96.0,3.16,4.35,1934,78.4,51.7,55.1,51.2,60.1,1,195,0
EQ1055,3907,83.8,2.69,5.37,1841,78.1,55.7,54.7,64.3,56.0,1,207,0
EQ1056,2254,68.8,1.13,5.01,2022,76.4,46.5,25.0,87.2,54.3,0,262,1
EQ1057,5463,92.3,3.2,4.52,1940,76.5,61.1,38.6,51.7,72.5,1,193,1
EQ1058,1261,65.3,1.01,5.29,2086,72.8,56.3,20.3,93.5,65.5,0,273,0
EQ1059,1648,63.6,1.29,5.12,2141,72.3,40.8,25.5,88.9,49.1,0,223,1
EQ1060,3067,78.0,2.06,5.14,2159,76.0,47.8,60.4,78.8,60.2,1,291,0
EQ1061,2247,71.1,1.54,4.95,1753,74.5,49.9,34.2,84.0,54.2,0,248,0
EQ1062,5240,97.1,2.72,5.13,1957,77.7,63.8,46.3,59.5,65.1,1,204,0
EQ1063,3238,78.7,2.13,4.91,2007,74.5,53.7,48.7,75.4,57.1,1,273,0
EQ1064,5711,94.6,3.01,5.31,1945,77.1,44.2,45.9,53.4,56.6,1,154,1
EQ1065,5478,90.6,2.74,4.68,1823,78.0,41.3,64.0,54.8,61.4,1,220,0
EQ1066,5469,94.6,3.47,7.33,2096,81.0,60.7,60.9,59.6,68.7,1,180,1
EQ1067,2435,67.7,1.01,3.87,1903,73.1,47.4,26.5,82.8,50.6,0,256,0
EQ1068,480,64.0,0.42,4.53,2202,74.4,57.1,21.9,95.0,59.1,0,263,0
EQ1069,772,63.9,1.21,4.6,2017,75.4,54.1,29.7,94.3,68.5,0,260,0
EQ1070,2282,71.8,1.1,6.63,2037,71.5,48.7,31.4,90.4,49.6,0,239,1
EQ1071,265,60.2,0.53,3.94,1815,71.4,55.5,27.4,96.4,58.3,0,249,0
EQ1072,7893,115.6,4.31,5.74,2050,85.5,64.5,86.9,34.9,84.2,2,59,1
EQ1073,1256,61.7,1.23,5.2,2040,72.1,49.5,20.2,84.4,56.7,0,251,1
EQ1074,2214,70.7,1.57,5.27,2073,77.0,50.6,28.6,84.3,55.4,0,254,0
EQ1075,2685,78.4,1.7,5.99,1940,78.1,60.3,29.7,83.8,69.3,0,284,0
EQ1076,1305,66.7,1.14,5.97,1963,74.6,51.6,21.2,94.2,57.6,0,252,0
EQ1077,4044,97.1,2.64,4.84,1949,80.7,66.2,50.2,68.1,76.8,1,170,0
EQ1078,5568,101.0,2.97,5.36,2050,78.8,57.4,61.8,60.8,71.4,1,188,1
EQ1079,4346,88.1,2.44,3.71,2122,75.0,50.6,62.8,68.5,65.3,1,254,0
EQ1080,5107,93.5,3.44,5.28,2023,78.5,67.4,49.7,64.7,71.8,1,171,1
EQ1081,1885,71.5,1.43,4.36,1971,74.0,52.0,21.8,90.7,62.6,0,300,0
EQ1082,5123,93.1,2.75,5.05,1974,80.2,59.6,56.3,66.4,76.2,1,204,1
EQ1083,1509,69.9,1.04,3.65,1867,74.0,50.3,25.6,88.8,55.6,0,280,0
EQ1084,751,64.9,0.66,5.32,2194,75.7,53.5,18.2,89.4,60.3,0,278,0
EQ1085,1256,66.9,0.54,3.64,1985,71.6,51.2,33.6,93.9,59.5,0,287,0
EQ1086,4260,92.8,2.75,5.32,1969,77.6,60.4,55.2,69.3,73.6,1,236,1
EQ1087,567,66.0,0.55,4.02,1877,75.9,48.3,24.2,102.3,51.8,0,243,1
EQ1088,656,65.8,0.4,4.32,1853,76.5,58.2,31.7,100.5,68.1,0,266,0
EQ1089,2117,71.2,0.72,5.92,1888,72.9,45.6,21.1,93.0,63.7,0,276,0
EQ1090,1151,67.6,0.36,5.47,2059,71.7,54.7,21.5,94.4,49.5,0,264,0
EQ1091,5696,101.8,3.06,6.12,2104,79.6,62.1,47.7,57.0,77.7,1,187,1
EQ1092,882,67.9,0.78,6.25,2350,76.0,65.2,20.6,88.3,77.9,0,234,0
EQ1093,477,64.4,0.36,4.38,2033,75.7,51.9,11.9,97.9,68.0,0,266,0
EQ1094,2310,75.0,1.54,6.2,2067,81.3,57.4,28.6,81.6,71.4,0,274,0
EQ1095,4331,90.9,2.69,4.03,2126,79.1,55.1,55.3,66.5,68.7,1,246,0
EQ1096,979,57.5,1.04,5.6,1553,73.2,51.6,20.1,93.4,46.7,0,188,1
EQ1097,766,55.5,0.7,4.61,1887,67.1,42.5,20.8,96.5,45.2,0,172,1
EQ1098,720,61.4,0.48,4.26,1990,72.5,57.2,25.9,94.6,62.0,0,298,0
EQ1099,6994,106.9,4.39,5.89,2248,86.0,56.6,75.8,46.8,71.3,2,127,1
EQ1100,5136,97.9,3.26,6.16,2165,83.6,56.0,80.5,45.2,68.7,2,198,0
EQ1101,5945,99.5,3.47,5.93,1904,67.5,56.1,59.9,55.1,67.5,1,181,1
EQ1102,326,62.4,0.29,5.17,2168,75.8,60.8,9.9,102.5,64.9,0,280,0
EQ1103,8317,115.3,5.13,5.51,1984,86.8,47.8,89.1,41.3,64.4,2,50,1
EQ1104,4159,84.2,2.54,5.62,1907,73.0,50.2,42.4,69.8,64.4,1,247,0
EQ1105,5953,99.4,3.66,5.44,2164,84.0,56.3,55.0,61.1,80.1,1,141,1
EQ1106,1587,67.5,0.66,5.43,1887,65.3,43.9,15.9,89.6,51.4,0,215,1
EQ1107,510,66.1,0.44,5.16,2220,76.7,53.6,29.5,96.4,67.0,0,278,0
EQ1108,907,61.4,0.95,5.67,1990,72.8,44.4,14.7,95.8,56.1,0,246,0
EQ1109,7569,115.4,4.96,4.1,2168,78.4,61.3,73.7,39.0,80.4,2,47,1
EQ1110,2341,80.5,1.9,4.89,2158,75.7,49.8,25.0,80.5,68.8,0,283,0
EQ1111,2655,74.7,1.44,3.89,2159,77.1,52.2,22.3,79.4,65.9,0,285,0
EQ1112,2725,73.4,2.1,5.22,2132,75.3,61.8,15.9,76.5,67.3,0,256,0
EQ1113,5592,93.1,3.06,6.51,2141,78.7,53.9,58.2,59.0,58.8,1,209,0
EQ1114,2951,77.3,1.92,4.62,2124,73.6,58.6,13.4,79.4,68.9,0,283,0
EQ1115,8347,115.6,4.49,5.5,2074,78.0,54.0,78.8,32.1,69.2,2,76,1
EQ1116,3679,86.8,2.63,5.81,2209,80.5,52.4,48.2,68.0,70.1,1,235,0
EQ1117,4622,87.3,2.0,3.55,2050,83.2,54.0,58.1,65.7,70.1,1,242,0
EQ1118,1053,63.3,0.48,4.58,2015,76.8,55.0,29.7,95.8,63.9,0,269,0
EQ1119,5404,95.2,3.25,5.49,2272,73.9,62.4,61.3,53.7,70.7,1,165,1
EQ1120,2586,78.7,1.65,2.88,2185,73.8,57.3,48.7,72.8,61.2,1,305,0
EQ1121,3271,80.0,2.49,4.42,1957,74.9,54.0,36.3,76.9,57.2,1,243,0
EQ1122,1927,70.8,1.49,5.88,1981,70.4,53.9,25.8,81.0,67.0,0,286,0
EQ1123,1719,69.1,0.93,5.8,2167,73.7,53.9,31.9,90.2,61.5,0,274,0
EQ1124,663,68.3,0.39,5.3,2150,75.7,56.8,28.6,101.8,69.2,0,279,0
EQ1125,909,64.2,0.65,5.71,2015,69.8,52.0,24.4,100.1,59.6,0,287,0
EQ1126,649,61.6,0.39,5.17,1851,73.8,55.0,14.0,98.4,48.8,0,235,1
EQ1127,2585,73.2,1.37,5.44,2082,76.0,50.2,21.5,84.7,67.7,0,308,0
EQ1128,1836,70.2,1.18,4.75,1954,71.6,50.4,34.9,96.2,57.0,0,276,0
EQ1129,3888,89.2,2.45,5.29,1986,78.5,63.8,43.5,59.4,70.7,1,235,0
EQ1130,1029,66.4,1.45,4.49,1954,67.8,44.3,15.0,90.9,54.8,0,227,1
EQ1131,7557,119.2,4.29,6.41,2245,84.7,66.5,89.3,42.5,89.2,2,35,1
EQ1132,5124,93.6,3.48,6.42,1943,77.6,51.4,51.6,58.8,61.0,1,196,1
EQ1133,2328,70.7,0.95,6.1,2067,73.4,50.6,17.1,88.7,57.3,0,292,0
EQ1134,5533,96.6,3.16,4.87,2206,79.6,51.5,64.1,57.1,68.9,1,192,1
EQ1135,779,64.9,1.19,4.24,2026,72.8,50.6,24.2,95.1,51.3,0,241,0
EQ1136,8126,115.3,5.14,6.42,2096,83.3,65.9,82.3,34.0,78.6,2,51,1
EQ1137,538,64.0,0.54,5.44,2174,75.9,62.1,14.1,94.1,72.9,0,278,0
EQ1138,4360,89.4,2.92,5.46,2022,80.5,51.8,65.1,63.3,64.1,1,231,1
EQ1139,481,64.4,0.82,4.49,1857,73.6,55.1,20.7,97.7,63.2,0,288,0
EQ1140,941,56.7,0.64,5.34,1885,71.1,37.3,30.1,90.3,38.0,0,145,1
EQ1141,2570,72.5,1.62,4.13,1995,72.9,51.5,30.0,85.8,59.7,0,258,0
EQ1142,6359,106.9,4.78,5.91,2399,81.7,69.0,78.3,50.1,73.5,2,70,1
EQ1143,5855,89.0,3.41,6.3,2166,78.9,54.2,52.5,59.4,61.5,1,226,0
EQ1144,1460,68.8,1.21,6.3,2135,73.2,53.0,31.3,85.3,68.7,0,289,0
EQ1145,887,63.3,1.05,5.57,1989,74.0,52.3,30.4,87.0,57.4,0,271,0
EQ1146,2189,70.1,0.75,3.89,1988,73.3,46.8,12.7,84.7,58.6,0,271,0
EQ1147,2584,76.4,1.57,5.16,1835,72.2,46.5,27.9,93.5,57.0,0,268,0
EQ1148,2649,65.8,1.07,6.71,1649,70.4,40.4,24.0,86.5,44.7,0,207,1
EQ1149,1150,61.0,0.7,4.31,1803,70.9,46.2,15.9,89.7,50.9,0,253,1
EQ1150,4742,85.8,3.62,5.15,2100,75.5,65.4,55.1,64.5,75.7,1,204,0
EQ1151,6997,105.3,4.26,6.53,1720,82.2,54.8,74.5,45.9,59.1,2,145,1
EQ1152,885,61.7,0.55,5.49,1866,73.1,51.7,18.8,88.3,53.9,0,251,0
EQ1153,5341,92.4,3.47,7.18,1989,80.2,51.2,49.8,64.1,64.8,1,227,0
EQ1154,2832,81.0,1.16,4.41,2066,74.0,58.5,22.1,79.5,73.9,0,270,0
EQ1155,4525,94.7,2.63,4.41,2014,84.1,61.9,52.7,64.0,74.1,1,196,1
EQ1156,2377,71.0,1.77,5.98,1903,71.8,48.0,18.2,83.5,55.5,0,256,0
EQ1157,5903,99.0,3.28,4.24,2334,77.8,62.0,65.1,59.3,78.4,1,145,1
EQ1158,5660,97.9,2.63,5.04,2076,75.2,55.9,58.1,53.4,62.1,1,209,0
EQ1159,5727,98.6,3.39,5.15,2041,75.3,60.4,66.1,49.1,76.1,1,149,1
EQ1160,1702,63.3,0.96,5.83,1885,75.7,47.9,22.1,89.4,49.1,0,242,1
EQ1161,7713,111.6,5.14,5.89,2173,88.3,72.9,80.6,29.8,84.6,2,43,1
EQ1162,569,60.7,0.49,5.37,1862,74.4,50.5,31.6,94.8,56.8,0,274,1
EQ1163,552,63.0,1.06,4.68,1822,70.0,53.2,17.5,100.9,51.8,0,215,0
EQ1164,2920,89.0,2.84,6.17,2151,82.8,58.7,49.2,77.9,66.3,1,263,0
EQ1165,1550,68.5,0.74,8.22,1947,72.8,48.4,27.1,93.3,62.2,0,265,0
EQ1166,5964,94.5,3.22,5.75,1881,77.3,50.8,48.3,56.7,64.0,1,192,0
EQ1167,2759,79.3,2.3,5.28,2074,82.7,56.5,54.2,86.3,72.4,1,256,0
EQ1168,1752,69.3,0.81,3.96,1957,74.4,47.0,26.7,85.4,55.3,0,283,0
EQ1169,8982,116.9,5.14,4.89,1911,89.8,64.2,93.8,30.7,81.0,2,40,1
EQ1170,909,67.1,0.74,4.83,2003,74.5,57.4,27.0,91.9,63.5,0,281,0
EQ1171,284,63.8,0.51,4.57,2080,72.3,57.8,28.3,101.8,59.5,0,259,0
EQ1172,533,63.1,0.7,4.99,2006,71.4,52.3,20.3,96.0,56.5,0,239,1
EQ1173,8307,117.2,4.83,6.82,2385,79.2,60.7,79.8,40.7,77.2,2,77,1
EQ1174,1100,68.3,0.94,6.0,2165,73.3,47.1,34.6,90.2,64.4,0,298,0
EQ1175,1903,74.2,0.96,4.87,2286,78.6,62.4,14.3,92.3,76.5,0,279,0
EQ1176,1502,67.1,0.83,4.03,2376,75.9,57.2,14.1,91.9,67.5,0,287,0
EQ1177,8436,125.7,4.81,6.47,2261,84.8,66.8,88.6,32.8,83.8,2,5,1
EQ1178,5489,108.4,3.81,5.36,2320,84.5,83.4,89.6,55.7,100.0,2,12,1
EQ1179,4137,92.0,2.49,3.82,2194,79.7,64.6,53.6,68.1,72.1,1,225,0
EQ1180,5104,95.2,3.8,5.97,2072,86.7,67.1,85.2,57.7,79.9,2,137,1
EQ1181,8345,123.0,4.19,6.22,2166,85.5,61.0,73.0,32.8,81.6,2,52,1
EQ1182,2277,73.8,1.04,3.06,1838,72.7,46.5,21.1,81.3,51.9,0,238,1
EQ1183,1513,66.8,0.93,4.34,1999,70.9,50.7,11.5,88.1,56.4,0,277,0
EQ1184,3362,85.5,2.08,5.11,1933,80.1,52.1,55.7,65.7,64.0,1,270,0
EQ1185,5447,98.2,3.68,5.79,2003,71.4,62.3,45.5,61.2,73.2,1,175,1
EQ1186,1156,63.5,0.91,4.59,2018,74.2,53.7,14.4,87.0,58.6,0,254,0
EQ1187,340,63.6,0.68,4.33,1972,80.0,49.3,23.7,96.7,61.1,0,274,0
EQ1188,5497,95.2,2.95,5.78,1882,76.0,67.0,61.3,60.1,76.7,1,163,0
EQ1189,2424,72.0,1.34,4.63,1861,73.8,57.2,23.4,86.4,66.9,0,290,0
EQ1190,8071,119.4,4.3,5.83,1960,83.4,54.2,87.9,28.4,74.7,2,46,1
EQ1191,2302,73.1,1.25,4.11,1831,71.5,49.8,27.4,83.5,54.6,0,242,0
EQ1192,2422,72.3,1.02,3.92,2102,77.3,59.1,23.1,84.9,69.1,0,285,0
EQ1193,4911,91.9,2.82,5.8,2120,80.6,64.7,47.3,61.8,74.2,1,235,1
EQ1194,2787,68.8,0.58,5.2,2005,72.0,44.6,28.4,85.9,47.1,0,203,1
EQ1195,1426,68.7,0.6,5.74,2050,75.0,54.9,26.2,86.7,57.5,0,257,0
EQ1196,4491,87.8,3.28,4.77,2183,78.7,58.9,58.4,56.4,69.3,1,220,0
EQ1197,6627,111.8,4.51,4.76,2231,92.5,60.0,83.8,48.8,82.2,2,98,1
EQ1198,2981,79.0,2.01,6.09,2063,74.8,51.3,18.4,77.0,67.3,0,298,0
EQ1199,987,65.2,1.33,3.78,2130,74.2,58.7,25.9,86.1,62.3,0,281,0
EQ1200,4636,95.4,3.06,6.2,2192,74.9,64.8,53.3,62.9,72.7,1,190,0
EQ1201,7670,113.6,4.43,6.46,2157,82.4,63.4,80.9,43.2,76.5,2,83,1
EQ1202,561,60.8,0.33,5.69,2089,75.5,56.0,19.2,91.0,54.6,0,249,0
EQ1203,627,59.7,1.12,4.45,1682,69.8,56.1,17.0,105.0,57.9,0,242,0
EQ1204,1970,72.9,1.21,4.35,1946,68.0,55.8,28.9,82.9,60.2,0,298,0
EQ1205,1300,64.1,1.83,4.83,1941,73.4,49.2,13.8,91.2,59.7,0,234,0
EQ1206,2781,71.2,1.35,3.96,1998,74.7,51.6,19.0,75.7,44.9,0,224,1
EQ1207,4064,87.3,3.31,4.43,2207,78.2,57.8,50.3,67.7,64.8,1,230,0
EQ1208,2233,68.1,1.23,5.52,1810,72.6,51.7,33.7,83.8,60.4,0,274,0
EQ1209,1491,65.1,1.49,5.52,2131,68.4,49.1,29.0,83.6,57.7,0,235,1
EQ1210,3278,88.0,2.94,4.36,1888,79.4,57.3,41.1,84.4,66.0,1,224,0
EQ1211,4043,89.8,2.26,5.74,1938,80.7,52.9,60.4,65.7,71.9,1,246,0
EQ1212,1524,62.4,0.86,5.36,1883,67.7,51.1,30.8,87.4,51.4,0,233,1
EQ1213,3330,82.3,2.0,6.41,1902,79.5,46.4,43.9,76.6,55.0,1,234,0
EQ1214,5404,93.9,2.66,5.66,1835,80.0,57.4,39.6,65.4,65.2,1,214,0
EQ1215,4410,101.9,2.98,6.05,2171,82.2,58.7,52.5,69.6,74.1,1,177,0
EQ1216,2099,74.7,1.17,5.38,2170,76.7,59.4,30.5,80.5,73.5,0,253,0
EQ1217,2569,73.3,1.42,5.78,2157,75.9,53.4,34.2,82.9,66.3,0,296,0
EQ1218,8292,118.8,5.0,4.37,1962,83.3,54.7,79.7,26.4,64.3,2,71,1
EQ1219,1459,61.3,0.36,4.9,1960,75.3,59.5,33.1,93.4,58.1,0,264,0
EQ1220,2699,74.3,1.9,4.97,1993,69.1,59.7,11.5,74.6,62.1,0,274,0
EQ1221,2299,77.8,1.18,4.81,2194,69.8,55.2,21.9,80.7,61.4,0,298,0
EQ1222,4350,90.5,2.91,5.56,1738,77.3,59.7,50.3,65.5,72.3,1,218,0
EQ1223,8727,112.6,5.17,5.91,1934,82.3,61.1,92.6,32.7,68.7,2,72,1
EQ1224,2048,69.2,1.7,5.31,1985,74.4,57.8,31.5,84.6,60.5,0,270,0
EQ1225,6690,114.7,4.2,5.26,2005,84.9,60.3,87.8,51.2,79.4,2,115,1
EQ1226,2853,77.0,0.76,4.41,2002,77.1,56.3,17.0,82.9,66.6,0,297,0
EQ1227,4186,84.8,2.68,6.08,1977,80.5,46.6,57.7,69.3,61.6,1,261,0
EQ1228,5726,93.9,3.27,5.48,1943,76.0,60.4,58.4,51.0,65.2,1,192,0
EQ1229,1329,59.6,0.6,4.19,1815,71.0,49.4,12.4,97.5,38.4,0,185,1
EQ1230,1773,68.7,1.17,4.85,2016,70.6,50.6,10.8,84.4,55.0,0,269,0
EQ1231,2215,74.0,1.15,3.61,1918,72.3,42.2,30.2,91.4,55.8,0,265,0
EQ1232,8551,119.9,4.42,5.43,1988,83.3,59.7,84.3,40.2,67.8,2,70,1
EQ1233,3133,85.4,2.53,5.04,2035,70.2,54.5,42.9,76.1,69.3,1,215,0
EQ1234,7084,107.3,4.18,4.94,2104,89.6,58.9,81.5,46.5,75.6,2,110,1
EQ1235,2833,73.7,2.05,6.47,1691,77.4,50.0,52.3,63.8,49.9,1,234,1
EQ1236,1159,67.8,0.74,4.08,2049,72.2,55.0,21.6,91.1,61.7,0,269,0
EQ1237,4012,82.2,3.04,5.77,1930,82.3,51.4,42.9,72.3,60.6,1,237,0
EQ1238,1432,67.5,0.99,6.75,2162,73.1,52.5,33.9,93.7,63.9,0,263,0
EQ1239,552,61.1,0.72,5.86,1969,72.3,47.9,27.0,91.3,49.7,0,225,1
EQ1240,2613,77.7,1.96,5.17,2186,77.3,55.9,47.7,76.5,68.2,1,274,0
EQ1241,4495,86.8,2.94,4.29,1905,82.3,51.7,51.3,54.4,65.7,1,238,0
EQ1242,2035,70.5,1.68,3.91,1955,73.5,53.0,25.8,87.4,62.4,0,275,0
EQ1243,2056,72.0,1.45,4.67,1839,73.9,54.9,16.9,78.1,61.0,0,269,0
EQ1244,3086,86.1,2.52,4.65,1943,81.2,55.6,52.5,78.9,66.0,1,244,0
EQ1245,8526,117.4,5.1,4.82,2160,83.4,49.4,77.4,37.0,63.7,2,53,1
EQ1246,3642,83.5,1.99,4.94,2128,76.7,54.9,51.1,68.6,56.2,1,217,0
EQ1247,2379,68.5,1.03,4.92,1805,75.5,39.5,17.3,85.4,55.3,0,277,0
EQ1248,2610,69.8,1.34,5.39,1924,79.7,51.2,18.0,80.9,59.9,0,273,0
EQ1249,891,61.7,0.56,4.01,1932,73.5,47.8,31.5,94.7,55.1,0,220,0
EQ1250,3307,87.0,1.98,4.65,2154,79.5,60.7,51.3,68.3,73.0,1,225,0
EQ1251,6681,109.9,3.58,5.27,1879,83.8,62.8,83.3,47.7,73.8,2,151,1
EQ1252,970,56.6,0.37,4.84,1726,75.6,53.3,9.7,86.6,52.3,0,219,1
EQ1253,588,60.0,0.62,6.47,2021,71.6,48.9,17.5,88.6,57.8,0,275,0
EQ1254,994,69.0,0.82,5.19,1761,73.0,56.3,24.6,92.6,61.8,0,275,0
EQ1255,5996,98.9,3.02,3.91,2011,75.0,59.6,57.0,53.2,70.6,1,200,1
EQ1256,3284,83.9,2.38,5.53,2184,77.7,58.8,38.0,74.1,83.0,1,192,1
EQ1257,767,69.6,0.62,5.44,1987,71.4,57.7,22.6,92.0,54.6,0,271,1
EQ1258,1718,68.4,1.48,4.9,1958,73.2,46.9,25.3,95.5,59.4,0,253,0
EQ1259,3420,87.1,2.34,4.23,2027,83.4,61.0,58.9,72.7,71.4,1,221,0
EQ1260,2868,75.5,1.75,6.41,2080,74.7,54.5,21.2,80.9,59.8,0,300,0
EQ1261,5977,95.8,3.36,4.34,2046,75.7,56.3,42.3,54.9,64.0,1,189,0
EQ1262,914,59.3,0.33,5.53,1803,69.8,44.2,15.7,97.6,47.6,0,232,1
EQ1263,1951,75.1,1.15,5.16,1952,76.3,54.1,16.9,88.6,55.9,0,268,0
EQ1264,6966,111.7,3.91,5.88,2085,85.3,50.8,87.0,45.0,67.4,2,134,1
EQ1265,2933,73.7,1.49,6.37,2076,71.5,45.1,9.0,82.4,46.2,0,200,1
EQ1266,1319,66.7,0.7,5.45,2023,71.4,47.2,19.7,83.5,53.6,0,245,1
EQ1267,2119,65.5,1.38,4.55,2059,75.0,45.7,32.4,78.0,51.6,0,224,1
EQ1268,265,66.3,0.12,5.88,1944,71.6,57.3,20.5,97.8,64.7,0,289,0
EQ1269,1320,65.3,0.97,4.5,1956,75.1,60.0,27.8,90.0,64.8,0,279,0
EQ1270,2650,72.3,1.63,5.13,1894,78.1,47.6,14.9,83.8,52.8,0,255,0
EQ1271,1909,64.1,1.49,3.97,1946,73.6,55.0,13.8,86.7,57.9,0,250,0
EQ1272,1443,57.4,0.74,4.17,1740,69.4,45.0,31.2,92.2,45.1,0,189,1
EQ1273,5948,97.7,3.29,5.24,2164,79.0,51.7,56.3,49.4,64.0,1,199,1
EQ1274,5671,94.7,3.25,5.49,2176,77.8,58.1,55.8,56.3,71.2,1,181,1
EQ1275,1102,61.2,1.43,3.64,1996,70.8,55.4,15.3,86.9,66.6,0,274,0
EQ1276,1725,68.8,0.59,5.4,2011,74.4,47.1,23.7,89.5,54.3,0,260,0
EQ1277,1572,76.3,0.73,4.34,2074,77.4,59.3,16.0,81.5,68.4,0,298,0
EQ1278,7983,117.1,5.68,6.42,2097,81.2,56.1,91.5,37.5,63.9,2,46,1
EQ1279,6366,104.6,4.03,5.12,1867,81.3,49.9,97.8,41.6,66.0,2,148,1
EQ1280,884,65.9,0.15,4.1,2008,71.8,49.5,24.5,92.3,65.7,0,260,0
EQ1281,2755,79.8,1.26,5.06,2080,74.9,62.1,21.2,84.3,73.4,0,261,0
EQ1282,2787,78.3,0.51,4.27,2086,72.5,51.9,9.8,81.4,63.9,0,333,0
EQ1283,2561,71.7,1.48,6.02,1902,70.8,54.0,14.5,75.5,59.7,0,281,0
EQ1284,3667,82.0,2.77,5.2,1604,80.8,50.9,60.9,67.6,50.4,1,166,1
EQ1285,2286,68.3,0.98,4.88,1721,72.3,39.0,17.9,78.0,43.8,0,213,1
EQ1286,2341,73.6,1.15,5.47,1981,75.0,47.9,22.0,76.8,61.0,0,285,0
EQ1287,2335,70.6,1.64,4.2,1965,75.2,58.1,28.1,84.1,57.1,0,254,0
EQ1288,1546,65.2,0.43,3.97,2111,74.1,49.5,31.7,91.4,51.2,0,227,1
EQ1289,1478,71.7,0.55,5.33,2054,72.4,51.6,21.5,91.4,60.5,0,306,0
EQ1290,3298,88.3,2.27,4.32,2061,79.3,54.2,48.5,75.3,68.9,1,217,0
EQ1291,2005,73.3,0.94,4.12,2037,73.8,55.1,24.0,85.9,67.6,0,286,0
EQ1292,8503,123.9,4.77,6.07,2249,84.9,57.6,81.5,31.4,77.1,2,47,1
EQ1293,922,65.9,0.38,5.42,1988,75.6,61.9,18.2,89.3,69.8,0,298,0
EQ1294,3607,90.9,2.54,4.2,2028,77.6,54.3,54.0,69.0,68.1,1,242,0
EQ1295,5663,105.7,3.83,4.9,1970,80.2,65.7,81.3,47.1,75.1,2,125,1
EQ1296,8279,129.3,4.99,4.68,2346,85.2,64.9,97.7,30.7,84.5,2,23,1
EQ1297,3463,79.8,2.48,6.62,2028,76.9,48.9,53.9,72.1,60.2,1,257,0
EQ1298,2727,85.2,2.23,5.92,2139,76.9,68.1,56.8,76.4,90.5,1,145,1
EQ1299,2692,83.5,1.64,4.86,2054,80.2,48.6,43.4,89.4,71.0,1,262,0
EQ1300,4536,92.6,2.96,5.66,2130,81.4,58.6,56.3,58.9,71.0,1,197,1
EQ1301,1141,72.6,0.78,3.92,1984,80.3,54.6,17.7,91.5,64.2,0,311,0
EQ1302,2433,73.9,1.29,4.46,2036,74.5,64.6,26.8,77.3,75.0,0,255,0
EQ1303,2550,77.0,1.76,5.08,1952,72.9,48.9,28.7,80.6,66.3,0,310,0
EQ1304,7838,115.5,4.39,5.76,2046,79.1,59.4,84.4,35.7,63.2,2,76,1
EQ1305,2368,76.8,1.8,4.92,2027,75.5,62.5,38.7,86.8,71.2,0,283,0
EQ1306,524,59.1,1.19,5.2,1904,73.5,56.5,29.5,94.5,57.3,0,240,0
EQ1307,2751,86.2,2.43,5.26,1891,76.6,57.7,57.0,76.0,68.9,1,262,1
EQ1308,2996,76.1,1.21,4.87,1907,71.5,51.4,30.0,77.3,49.8,0,241,1
EQ1309,739,66.5,0.1,4.76,1992,69.0,49.4,31.9,89.2,64.2,0,303,0
EQ1310,631,62.5,1.1,4.66,1900,75.0,53.0,12.5,93.0,54.8,0,255,0
EQ1311,1384,67.8,1.02,5.19,2010,71.6,50.4,30.7,88.8,60.8,0,278,0
EQ1312,1935,68.9,0.92,5.33,2052,73.0,45.1,17.5,86.7,57.7,0,284,0
EQ1313,2812,79.8,1.89,5.16,2187,72.0,57.0,21.7,82.6,75.4,0,267,1
EQ1314,2946,78.8,1.23,4.06,2173,74.2,61.7,28.7,78.4,75.9,0,269,0
EQ1315,395,59.5,0.49,4.2,1954,72.8,49.9,28.1,96.2,60.4,0,227,1
EQ1316,586,59.9,0.89,5.32,1916,73.4,54.8,14.1,89.0,60.5,0,244,0
EQ1317,5037,90.2,2.57,6.38,1895,79.3,48.5,51.0,62.9,65.0,1,259,0
EQ1318,958,67.7,0.8,5.12,1980,78.2,49.4,22.3,90.5,68.8,0,263,0
EQ1319,7226,111.4,4.81,5.07,2089,85.1,65.8,81.9,44.4,73.4,2,100,1
EQ1320,7049,111.0,4.44,5.58,1987,85.6,63.6,87.8,47.9,72.6,2,116,1
EQ1321,513,66.0,1.12,4.09,2054,78.1,53.1,41.5,95.7,67.8,0,266,0
EQ1322,2531,69.7,1.78,6.05,1830,74.2,50.6,27.1,78.2,55.7,0,227,0
EQ1323,694,67.8,0.75,5.15,1778,73.3,56.9,16.8,95.1,59.7,0,271,0
EQ1324,3285,80.5,1.53,4.66,2041,79.3,52.1,43.1,74.4,55.3,1,297,0
EQ1325,2661,81.4,1.74,5.07,2032,82.0,61.1,47.8,76.1,73.6,1,255,0
EQ1326,3733,92.0,2.77,4.78,2068,82.3,70.3,46.1,67.6,83.5,1,149,1
EQ1327,2121,66.5,0.7,6.05,1895,70.6,53.3,26.6,87.4,65.8,0,269,0
EQ1328,2565,81.4,1.98,5.04,2188,78.1,64.0,52.3,80.0,79.7,1,249,1
EQ1329,2978,76.1,1.66,5.12,2091,71.8,49.2,22.6,77.8,53.2,0,250,1
EQ1330,4754,87.0,3.38,5.66,2011,80.7,57.3,65.5,56.1,69.9,1,204,0
EQ1331,1646,69.7,0.87,4.41,1894,72.3,47.3,18.6,90.3,52.5,0,273,1
EQ1332,5218,98.2,2.8,5.35,2158,81.1,56.7,53.7,56.4,66.2,1,216,1
EQ1333,6336,108.1,4.1,5.62,1940,87.8,65.3,85.2,48.5,82.2,2,84,1
EQ1334,2935,75.8,1.65,3.76,2223,76.5,49.3,30.6,80.1,60.8,0,273,0
EQ1335,2860,82.8,2.15,5.4,2247,80.0,54.4,57.8,68.4,56.7,1,252,0
EQ1336,1491,63.4,1.39,4.96,1571,69.3,43.3,25.3,89.9,49.5,0,225,1
EQ1337,4612,90.9,2.53,5.3,1944,78.2,50.4,59.6,65.8,57.0,1,197,0
EQ1338,344,60.7,0.66,5.03,1925,72.4,54.0,16.6,100.1,63.9,0,241,0
EQ1339,7301,115.2,4.61,5.61,2208,81.8,72.3,88.7,41.4,92.5,2,5,1
EQ1340,1189,66.3,0.78,6.07,2017,74.2,50.5,27.6,83.8,70.9,0,253,0
EQ1341,8378,115.1,5.13,4.46,2084,84.8,57.0,94.2,38.5,60.8,2,41,1
EQ1342,3949,94.1,2.63,4.93,2121,81.3,60.9,42.1,70.0,79.4,1,166,1
EQ1343,3118,84.9,2.57,5.73,1995,84.6,66.4,45.2,69.4,75.5,1,199,1
EQ1344,5385,88.0,3.15,5.58,1924,77.2,48.7,59.6,55.2,55.6,1,194,0
EQ1345,5740,92.8,3.34,5.57,2086,84.3,55.9,39.4,56.7,65.6,1,234,0
EQ1346,5825,108.5,3.72,7.6,2036,85.3,74.3,83.4,53.9,84.8,2,96,1
EQ1347,2444,78.9,1.13,5.49,1818,74.1,54.3,30.8,80.9,64.4,0,314,0
EQ1348,2563,79.4,2.53,6.1,2199,73.9,56.6,46.2,81.4,57.5,1,269,0
EQ1349,2700,73.6,1.67,4.75,1942,76.9,55.8,22.3,73.9,64.9,0,290,0
EQ1350,5832,95.2,2.88,4.41,1891,74.9,49.7,49.1,51.0,50.9,1,180,1
EQ1351,2661,72.1,1.49,4.75,1918,71.5,52.3,21.7,73.1,58.2,0,278,0
EQ1352,5171,95.0,2.18,5.77,2183,83.0,65.8,51.4,56.2,77.1,1,200,1
EQ1353,5896,94.6,3.06,5.53,2258,81.4,54.7,51.5,60.8,68.1,1,248,0
EQ1354,1695,71.7,1.43,5.32,2018,75.7,46.9,18.6,96.4,56.0,0,280,0
EQ1355,389,56.1,0.59,4.83,1855,73.5,54.4,19.1,98.2,67.1,0,236,1
EQ1356,4426,94.5,2.79,4.9,1940,79.5,62.1,51.3,62.5,75.8,1,197,1
EQ1357,2774,83.1,1.12,5.06,2080,79.8,62.3,61.2,75.7,78.5,1,211,1
EQ1358,1422,67.6,0.86,5.58,2004,76.3,59.7,20.2,91.9,67.0,0,290,0
EQ1359,4648,98.5,2.95,5.87,1907,83.6,67.4,55.4,57.2,76.7,1,157,1
EQ1360,7611,113.4,4.73,4.6,2253,85.4,61.1,80.2,36.4,81.9,2,45,1
EQ1361,2026,68.6,1.55,5.61,1867,78.6,51.2,20.1,91.6,62.1,0,284,0
EQ1362,2505,72.3,1.3,4.48,2165,75.7,47.6,14.3,78.3,60.7,0,301,0
EQ1363,670,64.1,0.68,5.38,2183,72.5,60.1,11.8,92.3,58.1,0,273,0
EQ1364,5089,89.7,2.51,5.05,1937,79.2,53.3,46.9,60.4,58.3,1,238,0
EQ1365,2610,66.4,1.34,6.25,1972,76.6,50.7,25.8,82.9,52.4,0,247,0
EQ1366,5054,90.1,2.53,4.87,1878,83.2,50.8,60.6,58.1,65.7,1,242,0
EQ1367,5471,99.7,2.47,5.34,2134,81.8,58.5,44.1,58.0,69.9,1,199,1
EQ1368,2494,75.6,0.99,5.49,2012,75.1,61.4,21.2,85.0,71.5,0,297,0
EQ1369,8964,122.1,5.57,4.7,1975,83.1,60.6,77.9,37.1,75.7,2,31,1
EQ1370,3593,87.2,2.36,5.14,2074,81.1,66.1,49.9,70.3,76.0,1,211,1
EQ1371,2266,71.5,1.37,4.79,1993,78.8,67.0,30.5,84.0,68.6,0,283,0
EQ1372,921,69.2,0.64,4.59,1926,74.2,48.2,19.0,99.7,58.1,0,301,0
EQ1373,2307,72.2,0.68,4.65,2132,75.2,51.5,23.9,81.7,64.8,0,300,0
EQ1374,1612,66.2,1.39,5.89,1870,73.3,48.4,31.6,83.4,58.1,0,264,0
EQ1375,2301,77.4,0.54,4.52,2273,74.1,65.2,26.9,84.9,70.6,0,302,0
EQ1376,7594,113.1,4.36,5.85,1990,83.9,68.8,79.1,43.1,81.1,2,78,1
EQ1377,1230,62.0,0.91,5.25,2098,72.4,47.2,23.2,92.8,50.5,0,220,1
EQ1378,814,64.4,0.87,3.88,1868,77.9,53.9,16.5,93.9,61.3,0,278,0
EQ1379,3253,87.6,2.08,5.62,2149,79.8,61.4,53.4,67.4,81.2,1,190,1
EQ1380,5508,96.0,2.48,4.07,1974,78.4,60.2,58.0,57.2,66.6,1,248,0
EQ1381,5413,110.2,3.51,5.9,2095,82.0,62.3,71.5,59.0,79.6,2,134,1
EQ1382,5481,97.5,2.86,4.79,2175,80.9,58.8,55.9,52.7,72.4,1,187,1
EQ1383,694,54.3,0.47,5.01,2094,75.7,50.9,20.5,94.2,51.7,0,233,1
EQ1384,691,65.5,1.08,3.96,2156,78.0,54.5,24.5,93.6,64.1,0,281,0
EQ1385,7768,112.2,4.19,5.5,1970,82.6,54.7,89.0,34.8,64.8,2,138,1
EQ1386,3403,83.9,2.5,5.94,2026,79.3,54.7,54.0,73.2,63.0,1,251,0
EQ1387,7157,114.7,4.46,4.75,2083,84.5,69.7,81.1,43.7,84.6,2,62,1
EQ1388,584,63.5,1.04,4.51,1884,75.1,61.2,26.7,97.6,62.9,0,270,0
EQ1389,6542,107.9,4.14,5.76,1951,84.1,62.8,76.5,42.3,73.6,2,124,1
EQ1390,2809,84.8,2.46,5.58,2020,79.2,62.6,42.1,69.8,71.6,1,221,0
EQ1391,1300,64.8,0.89,3.05,2006,73.7,51.9,3.2,91.9,59.5,0,278,0
EQ1392,3689,83.6,2.64,6.81,1815,79.7,54.6,51.2,68.2,68.1,1,253,0
EQ1393,2749,92.1,1.64,5.62,2080,78.5,62.9,45.0,84.1,73.3,1,250,0
EQ1394,2644,69.6,0.5,5.56,2115,72.0,50.5,27.1,89.0,54.2,0,263,0
EQ1395,738,64.1,0.89,4.89,2117,77.7,47.5,9.5,102.8,60.3,0,265,0
EQ1396,3498,80.4,2.58,3.72,1954,84.9,54.7,47.4,67.8,65.5,1,304,0
EQ1397,2037,67.4,1.38,5.54,1711,68.6,45.7,26.5,88.0,47.3,0,209,1
EQ1398,1009,60.4,0.67,4.55,1976,69.2,46.9,15.6,96.4,52.6,0,254,0
EQ1399,2257,73.1,1.81,5.44,1802,72.8,65.8,26.5,87.2,72.5,0,282,0
EQ1400,1786,72.8,0.96,4.82,2138,73.6,56.6,19.9,86.1,63.1,0,316,0
EQ1401,6970,109.6,4.49,5.59,1998,84.4,61.5,82.3,48.3,65.4,2,123,1
EQ1402,5835,95.8,3.45,4.58,2165,78.3,51.7,59.1,55.2,55.7,1,171,0
EQ1403,2189,65.4,1.87,5.69,1766,73.7,52.8,29.7,85.2,59.1,0,259,0
EQ1404,5476,112.0,3.71,4.45,2318,86.7,64.9,80.4,47.5,88.5,2,83,1
EQ1405,5979,101.9,3.76,7.2,2084,81.7,61.0,75.9,52.7,74.5,2,143,0
EQ1406,1884,76.6,0.64,6.79,2024,74.3,58.8,20.6,85.8,70.5,0,313,0
EQ1407,2996,86.7,2.79,6.51,1902,78.9,53.5,54.2,76.9,70.8,1,236,1
EQ1408,929,67.3,0.97,6.02,2082,70.0,52.9,15.5,94.4,63.8,0,271,0
EQ1409,5663,99.1,4.04,5.33,2104,79.2,54.6,79.1,53.1,65.3,2,194,0
EQ1410,2666,83.7,3.22,6.13,2318,76.8,63.2,47.5,77.2,75.5,1,197,1
EQ1411,3503,83.4,2.54,5.12,2144,80.1,57.8,50.7,74.6,65.3,1,246,0
EQ1412,1771,70.7,0.66,3.76,1964,75.0,54.5,17.1,86.8,66.9,0,282,0
EQ1413,5160,99.4,3.64,6.6,1935,84.3,60.1,68.2,50.1,69.5,2,196,0
EQ1414,958,59.0,0.49,5.9,1827,69.0,53.1,24.8,95.6,61.4,0,285,0
EQ1415,1661,72.4,0.94,4.97,2179,70.1,43.1,28.8,85.1,62.8,0,311,0
EQ1416,1081,64.9,0.74,4.02,1877,74.9,50.4,11.2,87.1,58.8,0,287,0
EQ1417,2612,80.4,1.91,4.73,2248,72.0,63.5,51.9,73.6,71.2,1,294,0
EQ1418,2095,68.3,0.75,3.54,2026,76.2,45.1,30.3,86.5,57.9,0,282,0
EQ1419,8693,119.2,5.5,6.16,2106,78.4,59.4,89.2,30.8,70.8,2,41,1
EQ1420,4780,92.4,2.98,3.92,2110,82.4,70.8,51.1,54.0,80.8,1,173,1
EQ1421,794,59.3,0.7,5.23,2126,72.4,54.6,15.8,92.9,68.4,0,269,0
EQ1422,2705,73.2,1.71,4.33,1929,75.2,49.7,25.4,85.7,53.9,0,244,0
EQ1423,2010,72.7,1.37,3.86,1972,82.1,50.3,25.1,84.1,64.5,0,306,0
EQ1424,4098,86.4,2.73,5.39,2080,72.0,60.6,53.0,66.7,62.1,1,263,0
EQ1425,3879,81.6,2.8,4.93,1951,78.9,51.9,50.9,73.0,58.5,1,257,0
EQ1426,1516,69.9,1.08,5.67,1950,70.0,57.7,16.2,92.6,68.3,0,282,0
EQ1427,3822,79.3,2.77,4.19,2007,77.7,55.3,54.4,73.3,54.4,1,245,0
EQ1428,2820,72.9,1.75,4.39,2032,73.9,59.7,27.9,69.2,67.4,0,276,0
EQ1429,4577,88.1,2.86,3.29,2086,78.6,52.8,54.4,70.9,66.0,1,220,0
EQ1430,5888,107.5,3.88,3.65,2040,81.1,58.3,81.3,53.3,74.3,2,149,1
EQ1431,4303,89.2,3.24,6.64,1925,80.9,61.2,62.8,75.7,71.3,1,203,1
EQ1432,3707,86.4,2.33,6.87,2289,75.6,57.5,47.9,66.9,72.6,1,230,0
EQ1433,3974,92.1,2.73,5.27,2177,80.7,45.3,59.8,61.1,61.4,1,217,0
EQ1434,799,66.5,0.92,4.34,2132,73.2,55.9,17.0,94.4,65.7,0,299,0
EQ1435,478,63.6,0.45,4.76,1941,70.0,47.6,27.5,95.6,60.9,0,284,0
EQ1436,780,60.3,0.49,5.7,1864,76.0,53.9,28.8,97.2,50.0,0,226,1
EQ1437,1384,64.8,0.86,4.59,2135,73.0,53.0,20.7,94.6,58.6,0,251,0
EQ1438,4605,87.2,2.64,5.39,2090,84.8,59.9,63.3,63.4,79.1,1,185,1
EQ1439,5173,100.1,2.5,5.19,2075,83.5,62.0,57.1,58.8,81.4,1,172,1
EQ1440,8148,119.5,4.52,4.94,2379,82.4,57.4,79.4,37.1,81.7,2,58,1
EQ1441,1097,62.6,0.98,4.58,1898,71.9,43.4,19.7,91.3,50.5,0,233,1
EQ1442,4713,92.1,3.29,5.43,2288,79.4,63.6,60.3,61.6,71.9,1,201,1
EQ1443,355,65.7,0.82,4.22,1867,78.2,65.7,26.2,101.7,66.8,0,290,0
EQ1444,1201,62.8,0.1,5.36,2089,75.3,59.1,15.8,96.6,65.8,0,274,0
EQ1445,2648,81.0,2.35,4.82,2343,79.8,60.5,48.9,81.8,74.3,1,260,0
EQ1446,5930,103.0,3.78,5.5,2135,83.5,61.7,81.9,49.8,78.9,2,118,1
EQ1447,4414,95.2,2.9,6.31,2008,78.3,53.3,49.9,56.5,67.4,1,249,0
EQ1448,2687,74.8,1.44,4.87,1801,76.0,58.6,39.0,80.6,55.1,0,262,0
EQ1449,3677,76.0,2.42,5.94,2052,76.4,48.3,53.0,67.2,52.8,1,239,1
EQ1450,480,58.5,0.63,3.57,1909,72.8,63.0,20.5,96.1,62.7,0,267,0
EQ1451,6725,109.6,4.25,5.02,2109,82.4,68.2,89.3,42.2,77.5,2,98,1
EQ1452,4084,88.1,3.1,5.22,1932,77.8,52.9,50.2,67.3,72.5,1,209,0
EQ1453,1935,63.0,1.17,6.54,2081,68.4,44.5,29.5,82.3,49.3,0,225,1
EQ1454,542,69.8,1.07,3.43,2160,72.2,53.2,11.0,91.1,65.2,0,278,0
EQ1455,2587,78.0,1.73,4.92,2108,79.4,61.7,21.9,86.8,76.4,0,259,0
EQ1456,7643,115.8,4.81,6.57,1975,83.2,61.9,90.1,34.6,76.6,2,44,1
EQ1457,2495,70.3,0.75,4.37,2160,75.1,64.7,33.9,82.5,59.5,0,308,0
EQ1458,2958,85.6,2.63,5.03,2020,72.7,54.5,45.7,79.1,70.5,1,246,0
EQ1459,2681,84.3,1.98,5.47,2041,82.2,67.3,44.5,80.9,84.3,1,189,0
EQ1460,5809,94.1,3.48,5.35,1767,77.0,55.4,58.9,58.5,59.8,1,170,0
EQ1461,1324,68.9,0.62,6.25,1915,72.4,53.9,18.6,91.9,61.6,0,276,0
EQ1462,6271,100.9,3.68,5.76,1882,83.2,58.7,79.7,51.0,69.6,2,189,1
EQ1463,2856,78.0,2.19,6.06,1870,71.5,46.4,30.4,85.5,55.6,0,317,0
EQ1464,3983,88.4,2.26,4.91,2130,73.2,57.6,48.9,69.8,67.6,1,265,0
EQ1465,5755,103.3,3.62,4.61,2085,82.3,65.4,43.6,48.4,78.8,1,151,1
EQ1466,4258,89.7,2.73,5.02,2202,81.1,66.6,44.9,64.1,82.4,1,176,1
EQ1467,7228,110.3,4.28,4.47,2050,83.4,66.1,83.1,44.2,79.6,2,83,1
EQ1468,1596,63.7,1.04,5.39,1964,70.6,57.0,11.7,86.3,57.0,0,272,1
EQ1469,1582,73.6,0.6,4.69,2370,72.5,67.7,21.1,95.4,79.9,0,230,0
EQ1470,2918,73.9,1.52,4.46,1911,73.5,51.4,16.9,79.3,56.6,0,253,0
EQ1471,1266,63.8,0.56,5.4,1990,76.8,45.8,32.1,91.5,55.4,0,239,0
EQ1472,1313,60.0,0.82,4.09,1679,71.9,42.8,35.4,95.3,45.8,0,222,1
EQ1473,1837,68.2,1.47,5.62,2252,71.5,58.3,17.0,86.4,71.2,0,267,0
EQ1474,559,64.6,0.78,4.62,1985,75.0,58.3,22.5,96.8,67.7,0,276,0
EQ1475,1099,68.9,0.37,5.93,2261,76.0,61.7,16.2,95.9,79.3,0,244,0
EQ1476,741,58.9,1.06,4.69,1876,74.0,43.1,19.5,88.9,48.9,0,201,1
EQ1477,3153,91.3,2.3,5.71,2211,81.7,59.1,61.5,72.8,79.7,1,181,1
EQ1478,3555,85.7,2.25,5.34,2129,71.1,51.1,48.6,74.4,68.6,1,243,0
EQ1479,1850,74.7,1.41,5.6,1977,75.7,55.6,21.6,87.3,66.4,0,279,0
EQ1480,1204,61.1,0.86,5.09,2006,69.0,39.9,16.5,97.4,46.8,0,208,1
EQ1481,1344,70.4,0.56,3.67,1983,71.5,55.5,29.3,84.3,71.7,0,263,0
EQ1482,4880,93.8,3.55,6.01,2188,78.9,59.3,34.2,55.1,74.3,1,185,0
EQ1483,1973,64.7,1.18,4.93,1931,74.4,47.5,20.9,89.3,59.7,0,276,0
EQ1484,2795,79.6,1.45,5.63,2063,70.0,57.4,24.8,83.9,65.2,0,297,0
EQ1485,2812,72.1,1.34,5.55,1876,74.3,52.6,21.1,79.5,53.9,0,253,0
EQ1486,1296,67.6,1.37,4.38,1949,74.7,48.3,27.5,92.5,55.4,0,283,0
EQ1487,1122,62.4,0.71,4.27,1821,73.0,49.2,29.2,95.1,56.3,0,242,1
EQ1488,5009,88.8,2.41,5.72,1955,74.3,51.4,45.5,57.7,53.2,1,212,1
EQ1489,4133,87.8,2.41,4.96,2104,77.0,58.3,65.0,64.2,74.9,1,216,0
EQ1490,3765,92.9,2.98,5.95,2055,82.4,59.5,43.2,70.4,77.5,1,198,1
EQ1491,5484,95.0,3.41,5.06,1993,74.0,59.1,62.6,61.2,62.4,1,205,0
EQ1492,4502,92.3,2.69,6.02,2082,81.6,62.5,54.0,59.8,70.8,1,212,1
EQ1493,1098,69.0,1.36,5.34,1889,72.7,54.2,19.0,91.5,57.9,0,271,0
EQ1494,5650,100.4,3.44,5.43,2050,78.6,62.5,52.7,55.5,70.6,1,178,1
EQ1495,1260,67.3,0.85,4.7,1819,68.4,42.3,22.1,92.9,55.0,0,259,1
EQ1496,465,56.3,0.6,5.19,2205,72.0,54.5,22.1,96.7,52.9,0,212,1
EQ1497,4231,89.2,2.8,6.15,2238,81.2,63.6,47.1,64.2,76.4,1,214,1
EQ1498,2225,68.0,0.99,4.96,2009,70.0,56.8,22.6,89.4,59.5,0,292,0
EQ1499,1289,72.7,0.95,5.42,2250,76.9,63.4,17.7,88.8,76.2,0,245,0
EQ1500,5115,94.2,3.1,5.24,1809,78.8,57.8,46.9,59.0,68.4,1,205,1
EQ1501,8725,113.6,4.36,5.5,1742,81.0,56.6,80.8,24.6,68.6,2,103,1
EQ1502,5597,105.9,3.79,6.78,2139,87.2,68.7,73.2,50.0,85.8,2,81,1
EQ1503,921,61.4,0.72,5.96,1855,68.6,54.5,19.1,95.6,65.0,0,242,0
EQ1504,2515,73.9,1.74,5.06,1998,75.1,59.7,27.1,83.7,65.8,0,284,0
EQ1505,4986,90.3,2.3,5.37,2145,83.9,56.3,54.7,63.5,77.5,1,196,0
EQ1506,1873,69.6,1.02,4.44,2049,76.3,48.0,35.2,89.1,54.8,0,242,0
EQ1507,5975,98.8,3.12,5.06,1899,79.4,65.0,42.5,62.5,67.0,1,200,0
EQ1508,347,67.1,0.96,5.25,2017,72.5,49.7,23.4,94.6,58.6,0,289,0
EQ1509,2847,74.2,1.48,5.68,1899,70.4,46.4,25.2,73.6,49.7,0,248,1
EQ1510,1299,64.7,1.58,5.6,2005,72.3,48.3,27.2,86.7,57.9,0,255,0
EQ1511,4366,95.0,2.96,4.31,2067,81.4,64.6,57.2,62.6,78.7,1,148,1
EQ1512,1821,65.4,0.99,5.78,2161,71.6,51.1,22.3,83.4,61.9,0,285,0
EQ1513,213,55.5,0.66,4.93,1881,73.8,46.3,21.4,98.9,49.2,0,218,1
EQ1514,308,59.4,0.48,4.21,2093,77.0,49.5,16.1,102.9,47.6,0,224,1
EQ1515,2105,67.4,1.54,6.07,1992,75.1,57.5,27.5,91.4,73.3,0,285,0
EQ1516,1775,68.6,0.66,6.17,2063,69.9,55.8,11.9,89.6,59.3,0,269,0
EQ1517,2638,76.8,1.84,5.41,1995,74.4,57.8,54.4,86.1,62.8,1,258,0
EQ1518,2282,71.2,1.46,5.57,1923,75.0,56.0,24.0,82.6,57.8,0,257,0
EQ1519,3341,78.5,2.8,5.81,2025,76.7,51.5,48.1,66.1,56.2,1,253,0
EQ1520,8998,125.1,4.28,6.52,2163,87.4,81.0,84.8,33.2,87.4,2,33,1
EQ1521,1504,66.8,1.51,5.58,1635,71.6,55.5,21.8,82.1,56.9,0,242,0
EQ1522,215,68.0,0.53,3.94,1700,77.0,60.3,28.2,95.5,70.9,0,258,0
EQ1523,3175,84.0,1.65,6.81,2200,78.2,54.1,70.1,75.9,68.4,1,261,0
EQ1524,1126,66.2,0.1,5.85,2219,73.2,58.9,29.3,91.7,71.4,0,255,0
EQ1525,2661,73.1,0.9,4.59,2223,72.7,59.8,21.4,80.6,62.1,0,304,0
EQ1526,7736,112.4,4.6,4.58,2161,81.6,72.4,87.7,33.1,82.8,2,59,1
EQ1527,7353,115.4,4.45,5.8,1999,89.4,70.9,87.3,40.5,81.8,2,59,1
EQ1528,2814,85.1,2.41,4.98,2034,79.0,63.3,44.5,80.3,73.0,1,218,0
EQ1529,650,71.4,0.54,5.26,2004,75.4,49.5,13.6,95.5,62.8,0,301,0
EQ1530,3207,81.7,1.93,5.79,1908,76.9,58.3,50.4,70.2,66.1,1,303,0
EQ1531,5148,96.8,2.86,4.75,2364,78.0,60.9,59.1,55.0,83.3,1,155,1
EQ1532,1702,65.0,1.11,4.11,2191,71.8,43.1,13.4,84.8,52.7,0,246,0
EQ1533,5750,97.4,3.29,5.51,2102,81.3,58.4,51.0,57.3,68.0,1,194,1
EQ1534,2898,75.7,1.24,4.57,1980,72.1,55.2,28.7,81.1,60.1,0,278,0
EQ1535,2596,73.6,1.72,5.12,1850,71.7,58.4,24.9,78.6,63.2,0,281,0
EQ1536,725,66.0,0.54,3.93,2138,73.3,53.1,29.8,86.1,56.6,0,260,0
EQ1537,1864,68.1,0.85,4.8,2009,75.0,56.5,14.9,88.6,62.5,0,314,0
EQ1538,2659,75.9,1.24,5.57,1934,77.3,48.3,38.9,77.8,58.6,0,267,0
EQ1539,5455,93.7,3.49,5.68,2000,77.6,50.0,45.6,60.6,55.3,1,174,0
EQ1540,8947,120.7,4.98,4.77,2038,85.3,55.8,73.9,26.4,76.1,2,48,1
EQ1541,4020,85.0,2.36,4.27,1991,79.1,44.5,51.9,63.9,59.2,1,237,0
EQ1542,5184,97.7,3.34,5.21,1760,73.7,52.7,47.5,60.3,54.1,1,187,1
EQ1543,5675,102.2,4.64,5.85,2247,81.4,59.4,80.0,61.7,77.1,2,105,1
EQ1544,2950,76.6,1.61,5.32,1999,71.2,58.6,24.9,82.3,63.9,0,300,0
EQ1545,1900,68.3,1.6,4.59,2153,70.7,59.8,22.2,87.2,64.2,0,290,0
EQ1546,1390,73.4,1.35,5.24,1992,76.0,53.0,17.4,91.7,64.5,0,324,0
EQ1547,1236,65.0,0.72,6.2,1840,72.0,46.9,24.8,84.3,44.5,0,230,1
EQ1548,5195,89.2,3.03,5.36,1811,77.2,48.8,52.4,55.1,57.1,1,207,0
EQ1549,532,68.1,0.24,3.69,2197,69.1,54.3,27.6,86.2,75.8,0,258,0
EQ1550,2425,70.8,1.28,5.16,1808,77.4,48.9,23.3,89.9,51.6,0,247,0
EQ1551,2546,72.4,1.17,6.64,1961,71.8,53.8,18.8,88.3,64.9,0,299,0
EQ1552,996,65.9,0.71,3.97,1936,77.8,48.2,11.7,94.6,54.5,0,245,0
EQ1553,8654,120.6,4.67,5.42,2128,80.1,70.1,84.5,32.0,76.6,2,73,1
EQ1554,2648,72.6,1.33,4.82,1735,70.7,44.1,17.2,75.3,54.9,0,266,0
EQ1555,267,62.3,0.78,5.08,1988,68.5,57.0,12.4,97.3,64.5,0,270,0
EQ1556,1657,69.9,1.04,5.16,2084,74.5,49.6,26.1,95.6,61.1,0,269,0
EQ1557,1498,67.3,0.37,5.91,1906,70.1,54.7,12.0,90.0,56.4,0,269,0
EQ1558,3950,85.8,2.32,5.27,1950,74.7,54.0,60.6,66.1,59.6,1,217,0
EQ1559,657,61.9,0.2,6.02,2017,70.3,55.7,22.1,88.4,62.1,0,261,0
EQ1560,2071,73.0,1.31,4.91,1887,74.0,43.9,23.5,91.0,50.3,0,234,0
EQ1561,1255,64.0,1.12,4.72,1884,75.7,51.8,16.1,90.9,63.4,0,276,0
EQ1562,3875,93.9,2.65,4.66,2208,86.0,72.7,56.6,61.9,89.0,1,160,1
EQ1563,3988,89.7,2.32,3.75,2250,78.3,70.4,52.2,64.4,78.8,1,204,1
EQ1564,5578,102.6,3.24,5.42,1964,79.9,62.5,50.9,51.8,73.7,1,188,1
EQ1565,3446,82.3,2.24,6.84,1994,75.2,53.4,52.4,71.3,67.3,1,271,0
EQ1566,5628,90.1,2.77,5.57,1754,75.5,50.2,45.0,57.4,52.5,1,209,1
EQ1567,591,57.4,0.97,5.55,2008,70.6,56.9,11.3,93.9,49.4,0,244,1
EQ1568,728,67.2,1.04,4.67,2051,76.0,59.1,14.6,98.0,70.3,0,264,0
EQ1569,1164,60.1,1.24,4.8,1827,75.1,55.4,24.2,92.2,53.7,0,225,1
EQ1570,471,59.5,0.45,5.79,1946,75.1,47.0,20.8,101.0,54.4,0,254,0
EQ1571,3401,78.2,2.8,6.81,1889,76.2,56.5,57.4,70.8,66.7,1,279,0
EQ1572,1334,65.3,0.79,6.19,1788,74.7,50.8,16.9,102.8,51.5,0,247,1
EQ1573,3031,79.2,2.49,5.84,1790,77.0,53.6,53.9,72.5,58.2,1,261,0
EQ1574,7023,106.5,4.18,5.43,1977,82.8,58.5,82.0,39.2,75.6,2,111,1
EQ1575,426,63.6,0.57,5.17,2086,70.6,45.8,15.1,92.9,52.9,0,269,1
EQ1576,7616,108.7,3.72,4.8,1973,81.4,62.5,86.0,37.8,70.1,2,128,1
EQ1577,5384,95.7,2.98,4.04,2050,82.0,58.7,54.3,51.4,61.8,1,218,0
EQ1578,7865,114.3,4.68,4.5,2041,85.0,70.1,80.4,38.1,80.2,2,73,1
EQ1579,1401,71.3,0.85,5.04,2056,73.6,59.2,22.8,82.6,58.1,0,258,0
EQ1580,1407,68.9,1.61,4.77,1845,72.5,52.8,21.8,90.8,58.6,0,257,0
EQ1581,301,59.7,0.2,3.82,2023,80.2,54.4,19.6,92.5,64.8,0,255,0
EQ1582,1697,65.4,0.9,4.97,1977,76.5,57.8,20.6,86.6,58.9,0,277,0
EQ1583,2982,76.2,1.23,4.75,2242,71.3,54.6,17.5,81.5,57.8,0,277,0
EQ1584,5265,102.5,3.55,4.46,2214,83.5,59.9,79.9,64.4,79.8,2,137,1
EQ1585,3095,84.3,2.64,4.9,2016,78.7,56.2,45.8,70.0,73.3,1,201,0
EQ1586,2176,74.4,1.78,4.74,2053,73.6,54.3,17.8,84.2,58.8,0,310,0
EQ1587,1045,63.1,0.62,4.51,2242,71.7,52.6,20.4,89.8,60.6,0,270,0
EQ1588,2728,72.4,1.2,5.74,1734,73.6,49.5,29.3,77.4,53.7,0,265,1
EQ1589,326,62.8,0.21,3.48,1824,76.1,53.5,21.7,94.9,53.1,0,240,0
EQ1590,8163,120.8,5.21,3.81,2129,81.2,68.2,81.5,38.2,82.2,2,11,1
EQ1591,2545,73.1,1.78,5.0,1958,71.1,60.3,21.2,80.2,63.6,0,316,0
EQ1592,529,62.7,0.65,5.08,1969,72.7,47.3,24.8,105.3,63.6,0,246,0
EQ1593,2706,76.9,1.66,5.52,1905,77.7,59.6,35.5,78.7,70.2,1,288,0
EQ1594,2537,69.6,0.93,4.57,2151,78.4,56.0,29.4,78.2,60.4,0,266,0
EQ1595,636,65.5,0.78,4.27,1854,76.7,50.0,9.9,94.1,65.6,0,274,0
EQ1596,2736,83.1,2.35,5.19,2080,81.9,58.9,41.4,73.6,75.5,1,209,0
EQ1597,4293,91.5,1.98,4.85,2228,78.9,58.0,49.6,69.2,75.3,1,203,0
EQ1598,8917,123.5,4.91,6.64,2098,82.8,61.4,99.1,23.0,75.2,2,44,1
EQ1599,4820,91.3,3.45,4.94,2015,76.4,70.0,63.7,56.9,79.1,1,126,1
EQ1600,1446,67.0,0.93,4.96,1833,75.6,62.1,26.8,87.5,61.8,0,276,0
EQ1601,5780,98.7,3.74,7.18,2057,80.5,56.9,57.5,58.3,73.1,1,163,1
EQ1602,5979,104.3,4.22,5.24,2035,87.2,65.1,69.6,55.1,78.3,2,97,1
EQ1603,3151,88.5,1.92,5.64,2084,78.3,60.7,51.6,79.5,70.0,1,268,0
EQ1604,5338,103.9,3.67,5.92,1893,82.5,60.1,76.3,56.8,70.1,2,152,1
EQ1605,4557,93.1,2.75,5.79,2186,79.7,62.1,48.3,63.8,73.6,1,201,1
EQ1606,7360,123.9,4.14,5.63,2304,89.1,75.5,84.2,43.7,98.8,2,5,1
EQ1607,464,57.1,0.32,5.16,1979,69.3,58.1,18.0,92.2,57.0,0,245,0
EQ1608,3047,83.4,2.79,5.28,2221,80.4,62.1,55.7,67.3,68.6,1,260,0
EQ1609,2182,71.1,0.92,4.54,1899,72.8,46.8,12.3,86.5,56.4,0,307,0
EQ1610,5999,94.3,3.68,5.46,1926,75.3,58.4,56.2,50.0,64.1,1,205,0
EQ1611,4094,92.5,2.48,6.82,2077,75.0,67.8,47.1,67.1,80.4,1,197,1
EQ1612,8048,111.6,4.71,6.37,2042,82.5,60.1,82.0,36.1,70.6,2,120,1
EQ1613,7793,116.1,4.82,5.64,2067,86.7,64.2,85.9,38.4,72.2,2,79,1
EQ1614,555,62.8,0.48,5.68,1779,75.8,46.8,14.3,99.9,47.3,0,244,0
EQ1615,2807,81.3,2.38,4.5,1753,78.6,54.9,51.0,79.7,61.9,1,299,0
EQ1616,2899,73.5,1.5,4.99,1867,81.5,50.4,48.9,76.5,54.3,1,261,0
EQ1617,1722,67.0,1.26,5.76,2064,74.0,47.7,19.1,86.2,65.1,0,284,0
EQ1618,2717,80.9,0.59,6.19,2176,78.9,65.0,22.1,81.4,82.4,0,209,0
EQ1619,2921,73.9,1.44,4.38,2100,71.9,48.7,24.3,77.2,57.1,0,277,0
EQ1620,3743,75.3,2.81,4.81,2172,75.4,45.3,47.1,69.0,54.7,1,215,0
EQ1621,1552,73.3,1.26,6.75,2129,72.7,62.7,22.8,99.6,67.2,0,274,0
EQ1622,6897,109.4,3.86,5.48,2227,77.7,60.6,80.7,44.4,70.2,2,139,1
EQ1623,1282,66.6,0.54,6.46,2155,78.1,58.6,18.6,92.8,70.4,0,260,0
EQ1624,6257,109.7,3.85,5.57,2295,81.7,58.3,90.8,45.4,73.7,2,129,1
EQ1625,1296,63.2,1.02,5.2,2162,70.7,51.4,24.8,95.0,54.9,0,253,0
EQ1626,4968,90.4,2.23,4.96,2147,75.4,60.6,51.6,64.3,66.6,1,247,0
EQ1627,417,64.7,0.64,5.75,2113,73.7,53.0,21.6,100.2,66.1,0,266,0
EQ1628,2636,86.1,2.23,6.29,2005,82.7,56.4,43.6,78.4,66.2,1,272,0
EQ1629,4788,95.8,2.78,4.37,2007,83.2,58.7,51.0,66.6,64.0,1,216,1
EQ1630,8160,117.5,4.94,5.12,2055,79.3,53.2,82.8,40.0,74.4,2,69,1
EQ1631,4794,90.8,2.96,5.93,2037,76.2,51.6,46.1,63.6,57.8,1,195,0
EQ1632,298,64.7,0.41,4.9,1919,71.3,53.0,22.9,97.5,63.2,0,276,0
EQ1633,641,55.9,0.1,4.61,1843,73.9,44.6,18.1,99.1,45.7,0,220,1
EQ1634,776,64.9,0.82,5.81,1669,73.6,49.0,19.3,90.9,56.4,0,275,0
EQ1635,2932,74.0,1.19,5.88,2235,72.7,56.9,21.9,76.6,66.1,0,288,0
EQ1636,2978,84.4,2.04,4.84,2037,79.0,66.4,68.1,74.9,70.4,1,241,0
EQ1637,3621,86.6,2.63,5.37,2136,78.0,58.7,47.5,63.7,72.7,1,208,1
EQ1638,3789,88.3,3.02,4.23,2215,82.5,58.3,39.4,72.8,67.5,1,222,0
EQ1639,7542,116.4,4.53,4.68,2219,86.3,74.9,74.0,35.4,85.4,2,30,1
EQ1640,3539,78.3,2.63,5.3,2277,81.2,59.3,55.9,69.3,75.4,1,238,0
EQ1641,2712,83.0,1.64,5.23,1924,72.4,66.6,57.9,76.2,71.6,1,260,0
EQ1642,630,66.9,0.81,4.23,2327,74.3,57.1,17.0,95.7,67.4,0,271,0
EQ1643,377,64.7,0.61,4.43,2158,79.4,63.4,28.4,96.0,66.0,0,277,0
EQ1644,3851,86.1,2.98,4.35,2041,81.3,58.5,56.4,68.8,64.5,1,239,0
EQ1645,8902,122.7,4.83,5.76,2193,77.5,57.1,84.9,29.5,65.2,2,76,1
EQ1646,2755,75.5,1.38,3.43,1867,73.1,54.6,23.4,78.9,63.4,0,293,0
EQ1647,1704,70.9,1.47,4.19,1980,71.0,52.9,24.2,85.0,64.4,0,281,0
EQ1648,3859,92.6,2.52,3.71,2287,84.0,62.5,57.2,73.3,76.7,1,186,1
EQ1649,765,63.0,0.38,5.34,1696,73.0,52.5,23.8,86.2,52.5,0,228,1
EQ1650,2442,67.7,2.25,3.56,1989,70.5,49.0,20.3,82.1,52.7,0,239,1
EQ1651,5390,96.6,3.41,5.43,2201,84.2,62.6,78.7,52.4,79.7,2,151,1
EQ1652,3826,85.6,2.52,6.51,2276,71.9,56.1,63.8,70.9,67.4,1,251,0
EQ1653,2857,72.8,1.62,6.34,1669,68.6,48.7,26.6,74.2,44.9,0,227,1
EQ1654,7458,113.0,4.6,3.96,2325,84.2,68.4,88.6,37.8,79.0,2,95,1
EQ1655,454,61.0,0.59,5.24,1794,73.4,42.2,24.1,96.4,45.2,0,186,1
EQ1656,7469,111.9,4.45,4.61,1994,77.7,55.0,85.1,44.0,68.4,2,119,1
EQ1657,1426,73.7,0.92,4.05,1920,74.0,60.5,23.2,91.3,70.8,0,290,0
EQ1658,2706,84.3,1.76,5.11,2030,83.1,71.5,55.3,72.3,82.6,1,185,1
EQ1659,1259,65.3,1.69,5.98,1951,68.4,52.2,26.6,89.2,50.3,0,231,1
EQ1660,2358,72.6,1.25,5.48,1825,73.6,46.5,25.8,87.0,57.4,0,252,0
EQ1661,6768,114.4,4.48,4.83,2200,83.9,60.9,78.0,39.8,76.3,2,106,1
EQ1662,712,62.0,0.63,5.56,2014,79.7,57.1,23.6,94.7,74.2,0,259,0
EQ1663,1098,63.1,0.76,3.21,1803,72.3,49.8,21.6,92.3,56.1,0,244,0
EQ1664,2029,71.7,1.05,4.4,1886,72.4,57.3,21.8,84.3,56.2,0,263,0
EQ1665,2943,90.5,1.69,4.54,2184,82.4,58.5,66.4,86.2,80.4,1,177,1
EQ1666,5130,93.6,2.94,5.26,1987,74.8,49.3,45.0,58.4,65.0,1,215,0
EQ1667,5728,105.2,3.76,5.24,2158,83.9,61.7,86.1,53.7,81.8,2,110,1
EQ1668,2221,70.4,1.69,4.89,1969,70.6,47.6,18.8,81.4,48.2,0,205,1
EQ1669,673,65.6,0.32,4.86,2099,72.9,54.7,22.0,97.4,58.6,0,284,0
EQ1670,2823,69.7,1.29,5.02,1837,73.7,47.4,40.5,83.7,46.7,0,239,1
EQ1671,4644,90.1,2.51,5.63,1851,78.7,57.5,47.6,61.1,59.6,1,230,1
EQ1672,8263,122.5,5.3,5.52,2171,82.7,58.4,80.5,33.9,82.7,2,6,1
EQ1673,5449,100.8,2.8,4.97,2097,78.8,61.9,54.7,54.3,67.6,1,205,1
EQ1674,5542,97.3,3.34,5.52,1848,81.9,54.7,49.9,52.6,65.4,1,196,0
EQ1675,1623,66.7,1.41,5.66,1825,70.5,52.6,28.2,92.8,54.0,0,235,0
EQ1676,6350,107.1,4.07,4.96,2008,83.8,55.5,78.2,45.3,74.2,2,118,1
EQ1677,2985,77.2,1.06,4.95,1974,73.3,54.3,29.3,69.4,62.4,0,301,0
EQ1678,1562,69.4,0.57,5.93,1952,74.3,58.3,14.8,96.1,67.9,0,293,0
EQ1679,1538,63.0,1.34,4.12,1897,66.4,46.1,11.9,86.0,39.0,0,176,1
EQ1680,1381,62.1,0.54,6.44,1734,76.0,43.0,21.1,89.3,53.3,0,248,0
EQ1681,387,66.1,0.77,3.93,1801,71.6,53.8,11.3,103.9,61.3,0,258,0
EQ1682,1860,65.7,1.19,4.72,1934,75.9,48.2,32.5,86.4,59.2,0,277,0
EQ1683,838,63.7,0.93,4.24,1985,72.3,56.8,12.3,93.5,63.2,0,273,0
EQ1684,3215,84.9,2.49,6.95,1887,77.3,61.7,44.6,68.6,70.1,1,276,0
EQ1685,342,67.1,0.29,4.6,1888,76.1,56.8,23.1,91.1,57.6,0,267,0
EQ1686,2948,72.4,1.19,4.6,1898,75.3,48.5,21.8,78.7,55.8,0,273,0
EQ1687,6814,107.6,4.54,5.1,2045,83.9,64.4,73.2,45.8,74.0,2,148,1
EQ1688,3199,84.6,2.1,5.28,2136,81.7,67.9,63.0,74.8,77.2,1,216,1
EQ1689,1532,71.2,0.1,4.74,1854,71.9,43.2,16.7,87.4,54.1,0,265,0
EQ1690,369,53.3,0.86,4.89,2153,73.3,55.2,19.5,97.5,59.5,0,224,1
EQ1691,8664,116.7,4.57,2.58,2178,82.2,66.4,84.3,24.0,77.5,2,93,1
EQ1692,2015,81.4,1.37,5.05,1983,77.4,58.8,27.9,87.7,72.5,0,263,0
EQ1693,2389,73.1,1.82,5.01,1972,71.3,46.8,27.1,83.9,57.6,0,275,0
EQ1694,6862,108.9,4.31,6.23,2184,88.4,69.8,77.4,51.9,83.7,2,75,1
EQ1695,1986,72.3,1.54,6.05,2205,74.0,53.6,21.6,86.1,69.9,0,278,0
EQ1696,5050,93.3,3.02,5.05,1968,78.5,56.4,52.7,56.9,67.5,1,195,0
EQ1697,2651,83.4,2.68,5.85,2123,80.2,56.3,54.3,77.2,66.3,1,274,0
EQ1698,2517,85.4,1.71,4.32,2028,78.2,58.8,42.5,77.1,65.4,1,268,0
EQ1699,2055,70.9,1.22,5.61,2143,72.4,49.4,35.8,87.4,58.0,0,259,0
EQ1700,2081,70.5,1.46,4.54,2190,74.3,54.0,19.2,85.5,66.8,0,303,0
EQ1701,2890,77.3,1.44,4.05,2018,75.9,54.4,25.1,74.7,61.8,0,293,0
EQ1702,1239,64.6,1.34,4.85,1964,72.0,58.1,15.3,84.8,61.9,0,273,0
EQ1703,8043,110.9,4.56,6.52,2097,82.1,66.0,76.7,36.7,67.0,2,120,1
EQ1704,2474,65.2,2.09,5.14,1896,72.3,42.7,19.2,88.2,52.3,0,235,0
EQ1705,3636,85.8,3.22,6.4,2383,83.1,68.1,45.7,70.9,85.1,1,114,1
EQ1706,4326,86.6,2.81,4.6,2042,78.1,52.3,50.3,69.0,66.6,1,253,0
EQ1707,4009,83.0,2.8,6.04,1946,82.2,58.1,46.3,72.0,61.8,1,246,0
EQ1708,803,67.8,1.2,4.48,2016,74.6,55.5,25.6,95.4,71.4,0,265,0
EQ1709,2287,68.4,0.88,5.18,1852,73.1,51.5,19.4,80.7,62.3,0,283,0
EQ1710,6207,98.8,3.61,5.57,2212,83.9,62.0,75.8,49.3,80.6,2,116,1
EQ1711,2776,78.5,2.61,5.73,1937,75.1,56.5,47.6,81.4,66.9,1,287,0
EQ1712,3846,85.2,2.64,5.4,2155,75.6,57.3,57.9,71.2,65.5,1,234,0
EQ1713,7626,112.0,4.49,4.81,1942,82.1,63.0,85.0,41.6,74.6,2,92,1
EQ1714,3732,88.5,2.51,5.9,1971,79.8,51.3,51.1,68.0,56.9,1,225,0
EQ1715,963,62.8,0.1,6.39,2112,73.2,47.3,13.1,92.4,59.3,0,282,0
EQ1716,3111,86.8,2.22,4.73,1805,77.6,61.6,43.7,73.7,70.4,1,231,0
EQ1717,2877,78.0,1.24,3.53,2341,78.5,60.9,17.5,79.7,74.8,0,288,0
EQ1718,4237,89.2,3.0,5.6,1998,82.5,62.4,60.5,71.0,68.7,1,238,0
EQ1719,6091,99.3,4.38,5.14,1976,84.2,48.7,84.1,40.0,57.3,2,135,1
EQ1720,1016,64.7,1.06,4.9,2043,71.2,46.2,16.7,93.0,59.2,0,252,0
EQ1721,1682,71.6,1.23,5.44,2242,75.2,64.9,19.6,87.9,81.9,0,208,1
EQ1722,2672,75.6,0.91,4.63,2068,78.9,62.0,19.9,75.8,66.9,0,308,0
EQ1723,6817,107.8,4.49,5.18,2176,83.3,58.9,77.0,47.0,69.5,2,109,1
EQ1724,2183,69.3,1.48,4.92,2080,73.4,54.8,26.7,81.8,64.7,0,300,0
EQ1725,691,64.9,1.18,6.18,2144,74.4,46.3,19.5,93.7,54.1,0,240,0
EQ1726,1202,64.6,1.66,5.02,1956,74.4,54.1,34.6,99.0,49.2,0,210,1
EQ1727,1540,65.7,0.45,4.01,2193,71.6,47.3,30.3,93.3,57.2,0,271,0
EQ1728,613,63.7,0.58,4.04,2094,74.1,50.5,29.0,98.0,60.7,0,262,0
EQ1729,966,60.8,0.58,5.11,1643,73.6,47.0,25.8,94.8,45.0,0,208,1
EQ1730,1063,60.4,0.93,4.1,2220,69.2,40.5,19.4,91.9,50.8,0,243,1
EQ1731,556,63.0,0.7,3.75,1912,73.4,58.1,24.6,104.1,60.1,0,270,0
EQ1732,1741,66.0,1.03,5.51,2133,70.2,53.7,21.0,91.0,56.7,0,265,0
EQ1733,2174,68.8,1.62,5.55,2008,71.4,58.3,33.7,81.8,63.2,0,282,0
EQ1734,396,54.7,0.25,4.71,2030,70.6,49.9,23.1,91.6,50.3,0,195,1
EQ1735,4914,92.9,2.56,5.43,2007,80.5,59.9,55.4,63.9,73.7,1,214,0
EQ1736,2390,71.3,0.98,5.15,1979,71.3,43.5,25.1,83.0,50.5,0,247,1
EQ1737,2294,72.7,1.18,5.48,2055,73.6,59.7,34.6,78.2,73.1,0,284,0
EQ1738,2482,76.5,0.94,5.48,2060,71.6,41.5,15.9,84.3,46.3,0,236,1
EQ1739,1455,67.7,0.99,2.92,1963,69.3,50.1,33.6,88.7,51.3,0,241,1
EQ1740,2498,77.2,1.32,4.81,2119,74.9,58.1,23.4,84.6,63.3,0,322,0
EQ1741,874,70.1,0.53,5.41,1827,78.1,66.2,13.1,95.6,73.3,0,269,0
EQ1742,8984,127.1,5.35,5.07,2118,83.8,64.7,81.7,26.7,78.5,2,10,1
EQ1743,694,62.2,0.72,5.03,2065,73.5,59.2,11.3,97.7,64.5,0,266,0
EQ1744,1509,59.9,1.4,5.6,2008,74.4,51.9,26.6,87.4,60.1,0,258,0
EQ1745,1298,63.1,0.89,5.06,2030,67.2,46.6,16.1,89.2,51.8,0,233,0
EQ1746,875,65.1,0.8,6.21,1905,74.2,52.7,22.6,91.7,56.1,0,283,0
EQ1747,2305,69.6,1.11,5.9,1908,79.8,46.1,31.0,88.4,50.3,0,269,1
EQ1748,2811,80.3,2.18,5.11,2104,76.8,52.9,46.0,75.2,57.8,1,282,0
EQ1749,2583,85.7,2.35,5.04,1796,78.7,54.9,48.0,83.4,71.2,1,260,0
EQ1750,566,61.7,0.55,2.72,1979,74.0,44.5,13.2,103.2,51.0,0,215,1
EQ1751,1429,70.2,1.18,4.74,1960,77.9,56.9,20.2,87.0,62.6,0,268,0
EQ1752,1048,59.8,0.58,3.92,1787,74.4,50.8,37.3,81.0,49.6,0,220,1
EQ1753,1234,63.5,1.2,5.18,2039,68.3,50.4,26.9,95.5,62.4,0,269,0
EQ1754,3992,91.8,2.39,5.32,2160,79.4,57.9,50.6,66.7,64.1,1,236,0
EQ1755,2337,74.8,1.62,5.56,2195,81.4,57.1,20.5,80.2,71.3,0,255,0
EQ1756,2804,72.8,1.5,6.12,1985,75.3,54.5,24.8,78.0,62.6,0,307,0
EQ1757,5228,102.7,4.26,5.38,2292,82.1,72.9,80.2,53.7,85.9,2,116,1
EQ1758,2000,66.5,0.8,6.82,2036,73.3,52.9,21.1,91.2,54.0,0,273,0
EQ1759,2628,71.1,0.9,5.19,1973,70.3,56.4,27.9,82.2,60.4,0,303,0
EQ1760,5407,89.2,2.88,4.15,1898,80.5,60.7,49.0,63.3,60.2,1,229,0
EQ1761,1918,64.3,0.69,4.55,1877,70.5,48.4,17.7,88.6,56.7,0,249,0
EQ1762,2691,72.3,0.96,4.7,2064,73.3,47.9,27.1,79.9,57.9,0,281,0
EQ1763,2744,70.5,1.68,5.47,1928,70.4,46.9,17.9,79.2,54.2,0,281,0
EQ1764,7403,113.9,4.49,4.64,1905,80.9,55.4,87.7,42.4,66.3,2,98,1
EQ1765,1491,65.5,0.85,4.76,1687,75.5,37.4,22.6,92.8,48.7,0,224,1
EQ1766,427,58.3,0.51,4.87,1930,71.0,41.9,9.8,101.0,41.3,0,204,1
EQ1767,244,56.9,0.38,4.64,1847,70.8,46.2,21.1,97.2,51.5,0,245,0
EQ1768,1536,68.6,1.62,5.65,2060,71.2,58.9,12.7,89.9,65.0,0,268,0
EQ1769,4325,87.5,2.46,5.71,2090,72.1,51.8,56.9,68.1,55.2,1,214,0
EQ1770,1341,66.1,0.51,5.93,1735,68.7,44.6,20.9,89.1,49.1,0,227,1
EQ1771,3644,89.5,2.75,4.94,2153,80.8,67.6,62.7,66.0,82.3,1,169,1
EQ1772,3569,87.8,2.37,6.16,1983,80.3,57.5,57.9,67.8,62.9,1,265,0
EQ1773,3378,85.6,3.1,4.11,2110,77.5,55.7,44.7,71.4,70.6,1,211,1
EQ1774,504,66.2,0.49,3.89,2170,78.0,53.9,8.8,99.1,65.1,0,299,0
EQ1775,5161,101.7,4.0,4.43,1991,82.6,55.8,74.8,60.9,81.3,2,119,1
EQ1776,5552,87.3,3.52,5.21,2015,76.2,46.3,47.7,51.7,55.8,1,223,0
EQ1777,2574,73.2,1.22,5.96,2089,70.4,49.0,35.6,79.6,58.2,0,284,0
EQ1778,2968,81.8,1.98,4.72,1918,79.2,50.6,50.3,73.8,55.1,1,258,0
EQ1779,7029,117.8,4.62,5.02,2248,91.6,68.8,88.3,46.0,95.6,2,11,1
EQ1780,2692,71.5,1.64,4.83,1928,67.2,43.9,23.1,79.0,47.2,0,215,1
EQ1781,6029,103.0,3.52,5.86,2082,81.6,52.3,79.8,48.1,67.6,2,146,1
EQ1782,1325,62.1,0.57,4.62,1983,75.4,49.1,22.2,85.1,51.7,0,235,1
EQ1783,2530,79.3,1.2,4.77,2016,73.2,52.5,56.2,80.2,56.0,1,272,0
EQ1784,5231,106.1,3.94,4.32,2077,86.6,69.4,81.3,54.7,86.8,2,66,1
EQ1785,2829,77.3,1.4,4.54,2254,79.2,63.7,18.7,77.6,79.4,0,241,0
EQ1786,5955,100.2,3.23,6.14,2154,78.2,49.1,65.5,53.3,64.2,1,162,0
EQ1787,1760,63.5,0.52,5.07,1918,73.3,44.7,21.4,92.2,49.4,0,227,0
EQ1788,5118,87.4,2.61,4.61,1722,80.4,45.9,51.5,56.2,50.1,1,191,1
EQ1789,2752,86.2,2.0,6.19,2015,83.1,54.7,33.0,73.4,66.0,1,265,0
EQ1790,747,65.7,0.53,4.53,1983,72.9,51.9,25.2,99.8,57.5,0,263,0
EQ1791,362,59.4,0.67,6.14,1801,71.3,55.8,21.3,97.8,54.8,0,243,0
EQ1792,2858,75.6,1.7,6.12,1951,71.3,57.2,25.7,82.7,61.8,0,282,0
EQ1793,1328,67.9,1.76,5.04,1836,76.3,50.8,20.0,92.3,63.2,0,275,0
EQ1794,2536,65.1,1.38,3.8,2074,70.3,57.1,21.1,82.1,62.6,0,271,0
EQ1795,2108,67.2,1.63,6.83,1980,72.4,54.2,21.6,83.9,57.5,0,248,0
EQ1796,737,61.3,0.47,5.31,1712,72.4,44.9,24.1,98.2,51.2,0,240,1
EQ1797,691,63.7,0.16,4.74,2065,72.9,59.3,25.1,99.8,65.3,0,281,0
EQ1798,2934,83.4,2.1,5.96,2038,79.2,56.8,48.9,79.8,68.1,1,258,0
EQ1799,4443,95.4,2.2,5.76,2163,85.9,55.7,58.7,60.2,75.1,1,240,1
